<?xml version="1.0" encoding="UTF-8"?>
<!DOCTYPE mapper PUBLIC "-//mybatis.org//DTD Mapper 3.0//EN" "http://mybatis.org/dtd/mybatis-3-mapper.dtd">
<mapper namespace="com.medical.spring.dao.TermMapper">

<!--    查询全部属于术语库信息-->
    <select id="getTerm"
            resultType="com.alibaba.fastjson.JSONObject">
        SELECT
            *
        FROM
            term_db_detail
    </select>
<!--    根据id查询术语库信息-->
    <select id="getTermByid" resultType="com.alibaba.fastjson.JSONObject">

        SELECT * FROM term_db_detail where id=#{id}

    </select>
<!--   对术语库进行添加信息-->
    <insert id="addTerm">

        insert into term_db_detail(id,term_db_id,original,translation,state,update_user,update_date) values
        (#{id},#{term_db_id},#{original},#{translation},#{state},#{update_user},#{update_date})

    </insert>
<!--    对术语库进行删除信息-->
    <delete id="deleteTerm">
            delete from term_db_detail where id=#{id}
    </delete>
<!--    对术语库的信息进行修改-->
    <update id="updateTerm" parameterType="com.alibaba.fastjson.JSONObject">
            update term_db_detail
            set term_db_id = #{term_db_id},original = #{original},translation = #{translation},state=#{state},
            update_user=${update_user},update_date=#{update_date}
            where id = #{id};
    </update>


</mapper>
